{"cameraMode":{"drawMode":0,"name":"Shaded","section":"Shading Mode"},"sceneLighting":true,"audioPlay":false,"sceneViewState":{"m_AlwaysRefresh":false,"showFog":true,"showSkybox":true,"showFlares":true,"showImageEffects":true,"showParticleSystems":true,"showVisualEffectGraphs":true,"m_FxEnabled":true},"in2DMode":false,"pivot":{"x":0.6658655405044556,"y":2.9916188716888429,"z":0.7951891422271729},"rotation":{"x":-0.009145095013082028,"y":-0.17528750002384187,"z":0.0017420172225683928,"w":-0.9845511317253113},"size":2.604330539703369,"orthographic":false}